Currency,Rate
USD,1.164817
AUD,1.78516
CAD,1.602148
PLN,4.248949
MXN,21.642184
